repository,url,owner,stars,last_updated
exactly/exa,https://github.com/exactly/exa,exactly,23,2026-03-12 08:48:09+00:00
monark-community/digital-will,https://github.com/monark-community/digital-will,monark-community,1,2026-03-12 08:43:55+00:00
PolarisMusic/polaris-music,https://github.com/PolarisMusic/polaris-music,polarismusic,0,2026-03-12 06:38:42+00:00
rongarede/solidity-projects,https://github.com/rongarede/solidity-projects,rongarede,0,2026-03-12 02:12:25+00:00
geobrowser/gaia,https://github.com/geobrowser/gaia,geobrowser,1,2026-03-11 21:39:28+00:00
OnSocial-Labs/onsocial-protocol,https://github.com/OnSocial-Labs/onsocial-protocol,onsocial-labs,1,2026-03-11 17:25:18+00:00
propeller-heads/tycho-protocol-sdk,https://github.com/propeller-heads/tycho-protocol-sdk,propeller-heads,37,2026-03-11 12:50:38+00:00
Trustless-Work/Product,https://github.com/Trustless-Work/Product,trustless-work,5,2026-03-09 14:26:19+00:00
PaulieB14/Polymarket-P-L-Substreams,https://github.com/PaulieB14/Polymarket-P-L-Substreams,paulieb14,0,2026-03-05 02:30:23+00:00
m0-foundation/solana-m,https://github.com/m0-foundation/solana-m,m0-foundation,2,2026-03-03 13:53:28+00:00
teller-protocol/teller-protocol-v2,https://github.com/teller-protocol/teller-protocol-v2,teller-protocol,17,2026-03-02 19:13:57+00:00
PaulieB14/Polymarket-Substreams,https://github.com/PaulieB14/Polymarket-Substreams,paulieb14,0,2026-02-25 04:07:00+00:00
rexbrahh/LP_indexer,https://github.com/rexbrahh/LP_indexer,rexbrahh,1,2026-02-24 17:50:23+00:00
sablier-labs/solana-indexers,https://github.com/sablier-labs/solana-indexers,sablier-labs,2,2026-02-23 12:44:17+00:00
blocktorch-xyz/blocktorch-substreams,https://github.com/blocktorch-xyz/blocktorch-substreams,blocktorch-xyz,0,2026-02-20 11:54:00+00:00
enviodev/univ3-substreams,https://github.com/enviodev/univ3-substreams,enviodev,0,2026-02-20 11:08:03+00:00
v3xlabs/rescue-name-substream,https://github.com/v3xlabs/rescue-name-substream,v3xlabs,1,2026-02-20 10:52:28+00:00
manojkushwah91/solana-transfer-extraction,https://github.com/manojkushwah91/solana-transfer-extraction,manojkushwah91,0,2026-02-18 15:16:43+00:00
matrolat/clr3,https://github.com/matrolat/clr3,matrolat,0,2026-02-15 13:14:11+00:00
RequestNetwork/payments-substream,https://github.com/RequestNetwork/payments-substream,requestnetwork,0,2026-02-09 12:58:47+00:00
ayushshrivastv/Solana-OpenAPI,https://github.com/ayushshrivastv/Solana-OpenAPI,ayushshrivastv,0,2026-02-07 12:35:03+00:00
Web3-Agora/substreams-solana,https://github.com/Web3-Agora/substreams-solana,web3-agora,0,2025-12-23 12:58:59+00:00
Topledger/solana-programs,https://github.com/Topledger/solana-programs,topledger,86,2025-11-30 12:03:14+00:00
verified-network/verified-substreams,https://github.com/verified-network/verified-substreams,verified-network,0,2025-11-22 02:07:45+00:00
amanzeniq/graph-node-zeniq,https://github.com/amanzeniq/graph-node-zeniq,amanzeniq,0,2025-11-03 02:16:43+00:00
skimaharvey/graph-node,https://github.com/skimaharvey/graph-node,skimaharvey,1,2025-10-27 05:27:11+00:00
ICN-Protocol/substreams-poc,https://github.com/ICN-Protocol/substreams-poc,icn-protocol,0,2025-10-21 08:29:43+00:00
Ankur2606/FinRizz,https://github.com/Ankur2606/FinRizz,ankur2606,0,2025-10-01 08:15:49+00:00
Aaditya-G/Prophet,https://github.com/Aaditya-G/Prophet,aaditya-g,3,2025-09-28 03:29:20+00:00
gupta-soham/pulseproof,https://github.com/gupta-soham/pulseproof,gupta-soham,0,2025-09-28 02:53:59+00:00
Anshikaaggarwal/marekts.fun-substreams,https://github.com/Anshikaaggarwal/marekts.fun-substreams,anshikaaggarwal,0,2025-09-27 21:47:12+00:00
Aaditya-G/uniswap-governance-substream,https://github.com/Aaditya-G/uniswap-governance-substream,aaditya-g,0,2025-09-27 21:20:11+00:00
wwlxx999/Substreams-Solana-BSC,https://github.com/wwlxx999/Substreams-Solana-BSC,wwlxx999,1,2025-09-21 18:19:08+00:00
blockmec101/ArchAngel,https://github.com/blockmec101/ArchAngel,blockmec101,0,2025-08-30 17:25:43+00:00
no-witness-labs/firehose-cardano,https://github.com/no-witness-labs/firehose-cardano,no-witness-labs,0,2025-08-30 08:37:16+00:00
TopTrenDev/solana-dex-data-indexer-substream,https://github.com/TopTrenDev/solana-dex-data-indexer-substream,toptrendev,10,2025-08-21 08:33:06+00:00
jiasenwqbr/dapp-tools,https://github.com/jiasenwqbr/dapp-tools,jiasenwqbr,2,2025-08-07 02:08:35+00:00
alexeypetrenko/gummy-staking,https://github.com/alexeypetrenko/gummy-staking,alexeypetrenko,0,2025-07-28 07:47:42+00:00
eco/subDock,https://github.com/eco/subDock,eco,0,2025-07-22 16:02:18+00:00
AbhiramTSathyanandan/solmail-indexer,https://github.com/AbhiramTSathyanandan/solmail-indexer,abhiramtsathyanandan,0,2025-07-16 07:31:26+00:00
PeridotFinance/PeridotV2Full,https://github.com/PeridotFinance/PeridotV2Full,peridotfinance,1,2025-07-12 13:00:22+00:00
nathan-websculpt/updraft-substreams,https://github.com/nathan-websculpt/updraft-substreams,nathan-websculpt,0,2025-07-09 22:50:13+00:00
lostconversation/substreams-sol-voting-stream,https://github.com/lostconversation/substreams-sol-voting-stream,lostconversation,0,2025-07-01 16:08:55+00:00
nathan-websculpt/erc20-substream,https://github.com/nathan-websculpt/erc20-substream,nathan-websculpt,0,2025-06-10 23:53:24+00:00
nathan-websculpt/erc20-substream-2,https://github.com/nathan-websculpt/erc20-substream-2,nathan-websculpt,0,2025-06-10 23:46:41+00:00
nathan-websculpt/sesh-substreams,https://github.com/nathan-websculpt/sesh-substreams,nathan-websculpt,0,2025-06-10 23:42:51+00:00
jhd8593/firehose-algorand,https://github.com/jhd8593/firehose-algorand,jhd8593,2,2025-06-07 04:57:26+00:00
Fren-fi/sol-kafka-indexer,https://github.com/Fren-fi/sol-kafka-indexer,fren-fi,0,2025-06-03 19:25:24+00:00
mavvverick/substreams-sink-kafka,https://github.com/mavvverick/substreams-sink-kafka,mavvverick,2,2025-06-03 18:00:36+00:00
Fren-fi/solana-substream,https://github.com/Fren-fi/solana-substream,fren-fi,1,2025-05-30 18:26:02+00:00
Caranell/solana-mev-substream,https://github.com/Caranell/solana-mev-substream,caranell,0,2025-05-22 19:26:52+00:00
teller-protocol/teller-protocol-v2-poolsv2-audit,https://github.com/teller-protocol/teller-protocol-v2-poolsv2-audit,teller-protocol,0,2025-05-22 16:09:38+00:00
enoldev/substreams-solana-idl-examples,https://github.com/enoldev/substreams-solana-idl-examples,enoldev,1,2025-05-19 22:51:49+00:00
dicksonoche/sm_wormhole_bridgeidx,https://github.com/dicksonoche/sm_wormhole_bridgeidx,dicksonoche,0,2025-05-17 06:58:50+00:00
aj019/soldapper.dev,https://github.com/aj019/soldapper.dev,aj019,0,2025-05-17 06:34:18+00:00
Hamhunter23/solana-wormhole-substreams,https://github.com/Hamhunter23/solana-wormhole-substreams,hamhunter23,0,2025-05-16 18:18:19+00:00
SoriumHQ/sorium-stream,https://github.com/SoriumHQ/sorium-stream,soriumhq,0,2025-05-14 14:36:10+00:00
cuiweixie/substreams-demo,https://github.com/cuiweixie/substreams-demo,cuiweixie,0,2025-05-13 15:56:55+00:00
vyomakesh0728/substream,https://github.com/vyomakesh0728/substream,vyomakesh0728,0,2025-05-12 14:23:11+00:00
PaulieB14/Substreams-Bitcoin,https://github.com/PaulieB14/Substreams-Bitcoin,paulieb14,0,2025-05-06 01:47:14+00:00
SohZHong/superteam-substreams-workshop,https://github.com/SohZHong/superteam-substreams-workshop,sohzhong,1,2025-05-03 09:29:46+00:00
Fren-fi/solana-indexer,https://github.com/Fren-fi/solana-indexer,fren-fi,0,2025-04-30 11:54:26+00:00
AttenSys-Stark/Graphs,https://github.com/AttenSys-Stark/Graphs,attensys-stark,0,2025-04-23 14:02:16+00:00
enoldev/substreams-stellar-sps,https://github.com/enoldev/substreams-stellar-sps,enoldev,0,2025-04-03 18:16:36+00:00
enoldev/substreams-solana-pump-fun-swap,https://github.com/enoldev/substreams-solana-pump-fun-swap,enoldev,2,2025-03-26 15:09:45+00:00
danvaneijck/substreams-inj,https://github.com/danvaneijck/substreams-inj,danvaneijck,0,2025-03-16 20:25:14+00:00
SohZHong/thegraph-examples,https://github.com/SohZHong/thegraph-examples,sohzhong,1,2025-03-11 15:51:44+00:00
jbernardic/solana-dex-trades,https://github.com/jbernardic/solana-dex-trades,jbernardic,3,2025-03-06 08:01:59+00:00
gabrielantonyxaviour/robinx,https://github.com/gabrielantonyxaviour/robinx,gabrielantonyxaviour,0,2025-02-20 21:22:51+00:00
harishraisinghani/substreams-evm-tokens-example,https://github.com/harishraisinghani/substreams-evm-tokens-example,harishraisinghani,0,2025-02-20 00:10:37+00:00
gldeng/substreams-aelf-tokens,https://github.com/gldeng/substreams-aelf-tokens,gldeng,0,2025-01-15 14:37:12+00:00
khiem20tc/the-graph-evm,https://github.com/khiem20tc/the-graph-evm,khiem20tc,0,2025-01-06 18:05:25+00:00
ry0suke17/substreams-example,https://github.com/ry0suke17/substreams-example,ry0suke17,0,2024-12-23 06:14:10+00:00
perspectivefi/vision-sps,https://github.com/perspectivefi/vision-sps,perspectivefi,0,2024-12-15 16:57:38+00:00
dhananjaypai08/Zk-OS,https://github.com/dhananjaypai08/Zk-OS,dhananjaypai08,2,2024-12-09 10:22:42+00:00
askwhyharsh/bondedSolver,https://github.com/askwhyharsh/bondedSolver,askwhyharsh,0,2024-12-07 19:15:56+00:00
chidubemokeke/CryptoCoven-SPS,https://github.com/chidubemokeke/CryptoCoven-SPS,chidubemokeke,0,2024-12-01 03:23:15+00:00
Phi-NB/substreams-inj,https://github.com/Phi-NB/substreams-inj,phi-nb,0,2024-11-29 09:00:45+00:00
DerZwergGimli/substreams-solana-staratlas-gm,https://github.com/DerZwergGimli/substreams-solana-staratlas-gm,derzwerggimli,0,2024-11-28 09:57:20+00:00
infra403/liquidity-providers,https://github.com/infra403/liquidity-providers,infra403,0,2024-11-24 10:59:12+00:00
enoldev/solana-voting-app-sps,https://github.com/enoldev/solana-voting-app-sps,enoldev,1,2024-11-07 10:09:49+00:00
mp-web3/substream-aave-liquidation-bot,https://github.com/mp-web3/substream-aave-liquidation-bot,mp-web3,0,2024-11-02 17:09:59+00:00
Donehello/aptos-evm-bridge,https://github.com/Donehello/aptos-evm-bridge,donehello,23,2024-11-01 10:28:23+00:00
mp-web3/ethereum-explorer,https://github.com/mp-web3/ethereum-explorer,mp-web3,0,2024-10-31 15:56:37+00:00
dapplooker/dapplooker-substreams,https://github.com/dapplooker/dapplooker-substreams,dapplooker,11,2024-10-25 08:45:50+00:00
cbuob/thegraph_polymarket_analytics_substream,https://github.com/cbuob/thegraph_polymarket_analytics_substream,cbuob,0,2024-10-20 18:52:45+00:00
AlfinSug/ethkl-2024,https://github.com/AlfinSug/ethkl-2024,alfinsug,0,2024-10-06 02:39:54+00:00
dexbotsdev/radium_amm_stream,https://github.com/dexbotsdev/radium_amm_stream,dexbotsdev,1,2024-10-02 02:25:30+00:00
multiversx/firehose-multiversx,https://github.com/multiversx/firehose-multiversx,multiversx,0,2024-09-25 17:50:12+00:00
messari/solana-subgraphs,https://github.com/messari/solana-subgraphs,messari,6,2024-09-14 13:11:57+00:00
maoueh/substreams-solana-tokens,https://github.com/maoueh/substreams-solana-tokens,maoueh,0,2024-09-05 17:28:53+00:00
saurabhburade/runetrace-substream,https://github.com/saurabhburade/runetrace-substream,saurabhburade,0,2024-08-16 17:16:51+00:00
Dirt-Nasty/solana_program_transactions,https://github.com/Dirt-Nasty/solana_program_transactions,dirt-nasty,0,2024-08-05 20:14:54+00:00
stableex/sx.stats-substreams,https://github.com/stableex/sx.stats-substreams,stableex,0,2024-08-02 20:54:59+00:00
BenPope95/scaffold-eth-substreams-challenge,https://github.com/BenPope95/scaffold-eth-substreams-challenge,benpope95,11,2024-07-17 23:06:34+00:00
dragonwarrior9873/dex-trades,https://github.com/dragonwarrior9873/dex-trades,dragonwarrior9873,3,2024-07-17 20:31:27+00:00
roshaans/ss-ray,https://github.com/roshaans/ss-ray,roshaans,0,2024-07-10 22:58:41+00:00
Dirt-Nasty/bitcoin_substream_template,https://github.com/Dirt-Nasty/bitcoin_substream_template,dirt-nasty,0,2024-07-06 03:09:12+00:00
vivekratr/gmbuilder_pinax_2,https://github.com/vivekratr/gmbuilder_pinax_2,vivekratr,1,2024-06-25 19:10:35+00:00
userbox020/Substreams-Powered-Subgraph-SpS-,https://github.com/userbox020/Substreams-Powered-Subgraph-SpS-,userbox020,0,2024-06-20 00:07:15+00:00
teller-protocol/lender-groups-subgraph-substream,https://github.com/teller-protocol/lender-groups-subgraph-substream,teller-protocol,0,2024-06-11 16:06:33+00:00
nabeel99/play-around-substreams-firehose,https://github.com/nabeel99/play-around-substreams-firehose,nabeel99,0,2024-05-29 15:11:46+00:00
starknet-graph/firehose-starknet,https://github.com/starknet-graph/firehose-starknet,starknet-graph,6,2024-05-10 00:48:02+00:00
messari/substreams,https://github.com/messari/substreams,messari,62,2024-05-09 03:31:19+00:00
Graph-BuildersDAO/Curve-Substream,https://github.com/Graph-BuildersDAO/Curve-Substream,graph-buildersdao,2,2024-05-08 10:44:37+00:00
maoueh/substreams-eth-absrel,https://github.com/maoueh/substreams-eth-absrel,maoueh,0,2024-05-07 01:08:41+00:00
usman724/graph-node,https://github.com/usman724/graph-node,usman724,0,2024-04-22 19:56:37+00:00
saurabhburade/ordinals-substream,https://github.com/saurabhburade/ordinals-substream,saurabhburade,0,2024-04-22 08:22:09+00:00
0xPlaygrounds/bitcoin-ordinals-subgraph,https://github.com/0xPlaygrounds/bitcoin-ordinals-subgraph,0xplaygrounds,1,2024-04-21 11:10:22+00:00
MercuricChloride/streamline-template-repository,https://github.com/MercuricChloride/streamline-template-repository,mercuricchloride,0,2024-04-12 23:14:50+00:00
SarahFekih/TAISS-Project,https://github.com/SarahFekih/TAISS-Project,sarahfekih,0,2024-04-03 16:45:07+00:00
JohnCorrigan1/aave_v3_sps,https://github.com/JohnCorrigan1/aave_v3_sps,johncorrigan1,0,2024-04-02 01:17:25+00:00
mateobelanger/BlurExchange-V2-substream,https://github.com/mateobelanger/BlurExchange-V2-substream,mateobelanger,1,2024-03-15 16:45:54+00:00
JohnCorrigan1/sps-genesis-test,https://github.com/JohnCorrigan1/sps-genesis-test,johncorrigan1,0,2024-02-27 02:51:37+00:00
pursonc/substream-eosevm-transactions,https://github.com/pursonc/substream-eosevm-transactions,pursonc,1,2024-02-17 18:36:17+00:00
Airstack-xyz/Substreams,https://github.com/Airstack-xyz/Substreams,airstack-xyz,5,2024-02-15 17:50:26+00:00
JohnCorrigan1/kelpDao-SPS,https://github.com/JohnCorrigan1/kelpDao-SPS,johncorrigan1,0,2024-01-29 23:22:30+00:00
ayechanst/sushiSwap-Substreams,https://github.com/ayechanst/sushiSwap-Substreams,ayechanst,1,2024-01-24 01:21:36+00:00
jstinhw/aa-indexing-substream,https://github.com/jstinhw/aa-indexing-substream,jstinhw,0,2024-01-23 12:33:55+00:00
JohnCorrigan1/gmx-substream,https://github.com/JohnCorrigan1/gmx-substream,johncorrigan1,0,2024-01-19 02:05:28+00:00
Dirt-Nasty/fee_paid,https://github.com/Dirt-Nasty/fee_paid,dirt-nasty,0,2024-01-17 22:31:30+00:00
BenPope95/coin_flip_substream,https://github.com/BenPope95/coin_flip_substream,benpope95,0,2024-01-15 20:48:44+00:00
itsjerryokolo/traderjoe_v2_substreams,https://github.com/itsjerryokolo/traderjoe_v2_substreams,itsjerryokolo,1,2024-01-09 14:43:41+00:00
localtechboy/aave-substreams,https://github.com/localtechboy/aave-substreams,localtechboy,0,2024-01-07 19:01:19+00:00
saurabhburade/substreams-powered-subgraph,https://github.com/saurabhburade/substreams-powered-subgraph,saurabhburade,0,2023-12-22 12:08:14+00:00
Graph-BuildersDAO/substreams,https://github.com/Graph-BuildersDAO/substreams,graph-buildersdao,3,2023-12-18 18:15:52+00:00
MercuricChloride/teller-substream,https://github.com/MercuricChloride/teller-substream,mercuricchloride,0,2023-12-06 19:26:04+00:00
DerZwergGimli/api-rust-roguemarket,https://github.com/DerZwergGimli/api-rust-roguemarket,derzwerggimli,1,2023-11-24 16:43:49+00:00
OnayHQ/onay,https://github.com/OnayHQ/onay,onayhq,3,2023-11-19 05:21:38+00:00
mendesfabio/balancer-substreams,https://github.com/mendesfabio/balancer-substreams,mendesfabio,7,2023-11-08 13:18:07+00:00
tradescrow/substreams,https://github.com/tradescrow/substreams,tradescrow,0,2023-10-26 20:03:55+00:00
p2p-flash/anyERC20_approve_substream,https://github.com/p2p-flash/anyERC20_approve_substream,p2p-flash,0,2023-10-22 17:45:17+00:00
maoueh/substreams-sink-ts-example,https://github.com/maoueh/substreams-sink-ts-example,maoueh,0,2023-10-19 17:58:09+00:00
JohnCorrigan1/pixelady-substream,https://github.com/JohnCorrigan1/pixelady-substream,johncorrigan1,0,2023-10-18 02:02:20+00:00
enoldev/substreams-pancakeswap-prediction,https://github.com/enoldev/substreams-pancakeswap-prediction,enoldev,0,2023-10-07 14:08:04+00:00
itsjerryokolo/traderjoe_substreams,https://github.com/itsjerryokolo/traderjoe_substreams,itsjerryokolo,0,2023-10-04 09:12:59+00:00
gabrielfior/substreams-solana-spl-tokens,https://github.com/gabrielfior/substreams-solana-spl-tokens,gabrielfior,0,2023-09-29 13:22:25+00:00
maoueh/substreams-sink-js-example,https://github.com/maoueh/substreams-sink-js-example,maoueh,0,2023-09-28 13:50:00+00:00
gabrielfior/substreams-template,https://github.com/gabrielfior/substreams-template,gabrielfior,0,2023-09-28 12:19:10+00:00
starcoinorg/starcoin-jsdk-monorepo,https://github.com/starcoinorg/starcoin-jsdk-monorepo,starcoinorg,0,2023-09-05 10:12:46+00:00
jstinhw/substreams,https://github.com/jstinhw/substreams,jstinhw,0,2023-08-29 11:27:20+00:00
storswiftlabs/eth-inscription-protocol,https://github.com/storswiftlabs/eth-inscription-protocol,storswiftlabs,0,2023-08-28 02:32:45+00:00
maoueh/substreams-eth-account-abstraction,https://github.com/maoueh/substreams-eth-account-abstraction,maoueh,0,2023-08-23 18:13:42+00:00
kernelwhisperer/protofun-indexer,https://github.com/kernelwhisperer/protofun-indexer,kernelwhisperer,1,2023-08-23 10:40:24+00:00
0xPlaygrounds/wsteth-gbd-bounty,https://github.com/0xPlaygrounds/wsteth-gbd-bounty,0xplaygrounds,0,2023-08-21 21:15:36+00:00
lazycoder1/safe-substreams,https://github.com/lazycoder1/safe-substreams,lazycoder1,0,2023-08-15 08:32:47+00:00
VaultaFoundation/eosio.yield-substreams,https://github.com/VaultaFoundation/eosio.yield-substreams,vaultafoundation,0,2023-08-02 18:56:34+00:00
MercuricChloride/substreams_module_repo,https://github.com/MercuricChloride/substreams_module_repo,mercuricchloride,5,2023-07-27 18:13:28+00:00
itsjerryokolo/apecoin_substreams,https://github.com/itsjerryokolo/apecoin_substreams,itsjerryokolo,4,2023-07-27 09:22:47+00:00
MercuricChloride/erc1155-Subgraph,https://github.com/MercuricChloride/erc1155-Subgraph,mercuricchloride,0,2023-07-26 20:18:01+00:00
acid-infra/substream,https://github.com/acid-infra/substream,acid-infra,0,2023-07-23 03:29:18+00:00
harshrjjpt/ethereum-substream-sink-postgres,https://github.com/harshrjjpt/ethereum-substream-sink-postgres,harshrjjpt,0,2023-07-19 18:25:30+00:00
NFT-com/substreams-sync,https://github.com/NFT-com/substreams-sync,nft-com,0,2023-07-13 14:25:00+00:00
NFT-com/NFT-backend,https://github.com/NFT-com/NFT-backend,nft-com,0,2023-07-13 14:20:38+00:00
pranavdaa/ERC20-Substream,https://github.com/pranavdaa/ERC20-Substream,pranavdaa,0,2023-07-11 17:06:46+00:00
groLabs/gro-substream-mainnet,https://github.com/groLabs/gro-substream-mainnet,grolabs,0,2023-06-29 09:29:14+00:00
agentx101/nft-substreams,https://github.com/agentx101/nft-substreams,agentx101,0,2023-06-25 04:14:37+00:00
kumar8317/token-substreams,https://github.com/kumar8317/token-substreams,kumar8317,0,2023-05-22 05:16:20+00:00
Bhorshrm/substream-starter-bhor,https://github.com/Bhorshrm/substream-starter-bhor,bhorshrm,0,2023-05-15 23:18:10+00:00
sahra-karakoc/grt-substreams-subgraph,https://github.com/sahra-karakoc/grt-substreams-subgraph,sahra-karakoc,3,2023-05-11 18:44:09+00:00
juanmahidalgo/substreams-dcl,https://github.com/juanmahidalgo/substreams-dcl,juanmahidalgo,0,2023-03-13 13:12:58+00:00
ghardin1314/substreams-issue,https://github.com/ghardin1314/substreams-issue,ghardin1314,0,2023-03-01 01:03:48+00:00
DerZwergGimli/substreams-POC,https://github.com/DerZwergGimli/substreams-POC,derzwerggimli,0,2023-02-27 19:20:16+00:00
itsjerryokolo/cryptopunks_substreams,https://github.com/itsjerryokolo/cryptopunks_substreams,itsjerryokolo,4,2022-12-14 16:36:34+00:00
azf20/scaling-adventure,https://github.com/azf20/scaling-adventure,azf20,0,2022-11-17 11:27:20+00:00
alex-pakalniskis/substreams-yew-app,https://github.com/alex-pakalniskis/substreams-yew-app,alex-pakalniskis,0,2022-11-07 22:16:34+00:00
SmartWebstar/aptos-core,https://github.com/SmartWebstar/aptos-core,smartwebstar,1,2022-10-27 23:09:12+00:00
smart0303/Aptos-labs,https://github.com/smart0303/Aptos-labs,smart0303,1,2022-10-25 08:33:20+00:00
emiliocramer/substreams-ens,https://github.com/emiliocramer/substreams-ens,emiliocramer,0,2022-10-24 19:02:28+00:00
Airstack-xyz/Substream-POC,https://github.com/Airstack-xyz/Substream-POC,airstack-xyz,0,2022-10-06 06:30:21+00:00
schmidsi/substreams-example,https://github.com/schmidsi/substreams-example,schmidsi,1,2022-06-17 22:06:47+00:00
mmchougule/substreams-template,https://github.com/mmchougule/substreams-template,mmchougule,0,2022-06-13 22:46:28+00:00
itsjerryokolo/substream-template-pb,https://github.com/itsjerryokolo/substream-template-pb,itsjerryokolo,0,2022-06-07 18:51:55+00:00
